{"cameraMode":{"drawMode":0,"name":"Shaded","section":"Shading Mode"},"sceneLighting":true,"audioPlay":false,"sceneViewState":{"showFog":true,"showMaterialUpdate":false,"showSkybox":true,"showFlares":true,"showImageEffects":true,"showParticleSystems":true},"in2DMode":false,"pivot":{"x":4.883699417114258,"y":-0.35310983657836916,"z":10.225727081298829},"rotation":{"x":0.1183280274271965,"y":0.058049824088811877,"z":-0.006929189432412386,"w":0.9912546873092651},"size":30.054340362548829,"orthographic":false}